{
  "last_updated_timestamp": "2021-01-27T08:40:26.195001",
  "regions": [
      {
          "region": "us-phoenix-1",
          "cidrs": [
              {
                  "cidr": "129.146.0.0/21",
                  "tags": [
                      "OCI"
                  ]
              },
              {
                  "cidr": "129.146.8.0/22",
                  "tags": [
                      "OCI"
                  ]
              },
              {
                  "cidr": "129.146.16.0/20",
                  "tags": [
                      "OCI"
                  ]
              },
              {
                  "cidr": "129.146.32.0/19",
                  "tags": [
                      "OCI"
                  ]
              },
              {
                  "cidr": "129.146.64.0/18",
                  "tags": [
                      "OCI"
                  ]
              },
              {
                  "cidr": "129.146.128.0/17",
                  "tags": [
                      "OCI"
                  ]
              },
              {
                  "cidr": "129.151.0.0/19",
                  "tags": [
                      "OCI"
                  ]
              },
              {
                  "cidr": "158.101.0.0/18",
                  "tags": [
                      "OCI"
                  ]
              },
              {
                  "cidr": "193.123.0.0/19",
                  "tags": [
                      "OCI"
                  ]
              },
              {
                  "cidr": "193.123.192.0/19",
                  "tags": [
                      "OCI"
                  ]
              },
              {
                  "cidr": "207.135.0.0/22",
                  "tags": [
                      "OCI"
                  ]
              },
              {
                  "cidr": "207.135.28.0/24",
                  "tags": [
                      "OCI"
                  ]
              },
              {
                  "cidr": "129.146.12.128/25",
                  "tags": [
                      "OSN"
                  ]
              },
              {
                  "cidr": "129.146.13.128/25",
                  "tags": [
                      "OSN"
                  ]
              },
              {
                  "cidr": "129.146.14.128/25",
                  "tags": [
                      "OSN"
                  ]
              },
              {
                  "cidr": "130.35.0.0/22",
                  "tags": [
                      "OSN"
                  ]
              },
              {
                  "cidr": "130.35.128.0/22",
                  "tags": [
                      "OSN"
                  ]
              },
              {
                  "cidr": "134.70.8.0/21",
                  "tags": [
                      "OSN",
                      "OBJECT_STORAGE"
                  ]
              },
              {
                  "cidr": "134.70.16.0/22",
                  "tags": [
                      "OSN",
                      "OBJECT_STORAGE"
                  ]
              },
              {
                  "cidr": "138.1.32.0/21",
                  "tags": [
                      "OSN"
                  ]
              },
              {
                  "cidr": "140.91.4.0/22",
                  "tags": [
                      "OSN"
                  ]
              },
              {
                  "cidr": "140.91.8.0/23",
                  "tags": [
                      "OSN"
                  ]
              },
              {
                  "cidr": "147.154.96.0/20",
                  "tags": [
                      "OSN"
                  ]
              },
              {
                  "cidr": "147.154.112.0/21",
                  "tags": [
                      "OSN"
                  ]
              },
              {
                  "cidr": "147.154.120.0/22",
                  "tags": [
                      "OSN"
                  ]
              },
              {
                  "cidr": "192.29.96.0/21",
                  "tags": [
                      "OSN"
                  ]
              }
          ]
      },
      {
          "region": "sa-saopaulo-1",
          "cidrs": [
              {
                  "cidr": "129.151.32.0/21",
                  "tags": [
                      "OCI"
                  ]
              },
              {
                  "cidr": "129.159.48.0/20",
                  "tags": [
                      "OCI"
                  ]
              },
              {
                  "cidr": "140.238.176.0/20",
                  "tags": [
                      "OCI"
                  ]
              },
              {
                  "cidr": "152.67.32.0/19",
                  "tags": [
                      "OCI"
                  ]
              },
              {
                  "cidr": "168.138.128.0/19",
                  "tags": [
                      "OCI"
                  ]
              },
              {
                  "cidr": "168.138.224.0/19",
                  "tags": [
                      "OCI"
                  ]
              },
              {
                  "cidr": "134.70.84.0/22",
                  "tags": [
                      "OSN",
                      "OBJECT_STORAGE"
                  ]
              },
              {
                  "cidr": "140.91.34.0/23",
                  "tags": [
                      "OSN"
                  ]
              },
              {
                  "cidr": "140.204.12.128/25",
                  "tags": [
                      "OSN"
                  ]
              },
              {
                  "cidr": "192.29.128.0/23",
                  "tags": [
                      "OSN"
                  ]
              },
              {
                  "cidr": "192.29.130.0/24",
                  "tags": [
                      "OSN"
                  ]
              },
              {
                  "cidr": "192.29.134.0/23",
                  "tags": [
                      "OSN"
                  ]
              },
              {
                  "cidr": "192.29.138.0/23",
                  "tags": [
                      "OSN"
                  ]
              }
          ]
      },
      {
          "region": "ap-mumbai-1",
          "cidrs": [
              {
                  "cidr": "129.151.40.0/21",
                  "tags": [
                      "OCI"
                  ]
              },
              {
                  "cidr": "140.238.160.0/21",
                  "tags": [
                      "OCI"
                  ]
              },
              {
                  "cidr": "140.238.224.0/21",
                  "tags": [
                      "OCI"
                  ]
              },
              {
                  "cidr": "140.238.232.0/22",
                  "tags": [
                      "OCI"
                  ]
              },
              {
                  "cidr": "140.238.240.0/20",
                  "tags": [
                      "OCI"
                  ]
              },
              {
                  "cidr": "152.67.0.0/19",
                  "tags": [
                      "OCI"
                  ]
              },
              {
                  "cidr": "168.138.112.0/21",
                  "tags": [
                      "OCI"
                  ]
              },
              {
                  "cidr": "207.135.16.0/23",
                  "tags": [
                      "OCI"
                  ]
              },
              {
                  "cidr": "134.70.76.0/22",
                  "tags": [
                      "OSN",
                      "OBJECT_STORAGE"
                  ]
              },
              {
                  "cidr": "140.91.30.0/23",
                  "tags": [
                      "OSN"
                  ]
              },
              {
                  "cidr": "140.204.4.128/25",
                  "tags": [
                      "OSN"
                  ]
              },
              {
                  "cidr": "192.29.48.0/22",
                  "tags": [
                      "OSN"
                  ]
              },
              {
                  "cidr": "192.29.160.0/21",
                  "tags": [
                      "OSN"
                  ]
              },
              {
                  "cidr": "192.29.168.0/22",
                  "tags": [
                      "OSN"
                  ]
              },
              {
                  "cidr": "192.29.172.0/25",
                  "tags": [
                      "OSN"
                  ]
              }
          ]
      },
      {
          "region": "us-ashburn-1",
          "cidrs": [
              {
                  "cidr": "129.151.48.0/20",
                  "tags": [
                      "OCI"
                  ]
              },
              {
                  "cidr": "129.159.64.0/18",
                  "tags": [
                      "OCI"
                  ]
              },
              {
                  "cidr": "129.159.160.0/19",
                  "tags": [
                      "OCI"
                  ]
              },
              {
                  "cidr": "129.213.8.0/21",
                  "tags": [
                      "OCI"
                  ]
              },
              {
                  "cidr": "129.213.16.0/20",
                  "tags": [
                      "OCI"
                  ]
              },
              {
                  "cidr": "129.213.32.0/19",
                  "tags": [
                      "OCI"
                  ]
              },
              {
                  "cidr": "129.213.64.0/18",
                  "tags": [
                      "OCI"
                  ]
              },
              {
                  "cidr": "129.213.128.0/18",
                  "tags": [
                      "OCI"
                  ]
              },
              {
                  "cidr": "129.213.192.0/20",
                  "tags": [
                      "OCI"
                  ]
              },
              {
                  "cidr": "129.213.208.0/21",
                  "tags": [
                      "OCI"
                  ]
              },
              {
                  "cidr": "132.145.128.0/18",
                  "tags": [
                      "OCI"
                  ]
              },
              {
                  "cidr": "132.145.192.0/19",
                  "tags": [
                      "OCI"
                  ]
              },
              {
                  "cidr": "150.136.0.0/16",
                  "tags": [
                      "OCI"
                  ]
              },
              {
                  "cidr": "152.70.32.0/22",
                  "tags": [
                      "OCI"
                  ]
              },
              {
                  "cidr": "158.101.96.0/19",
                  "tags": [
                      "OCI"
                  ]
              },
              {
                  "cidr": "193.122.128.0/17",
                  "tags": [
                      "OCI"
                  ]
              },
              {
                  "cidr": "193.123.128.0/19",
                  "tags": [
                      "OCI"
                  ]
              },
              {
                  "cidr": "205.147.88.0/23",
                  "tags": [
                      "OCI"
                  ]
              },
              {
                  "cidr": "207.135.4.0/22",
                  "tags": [
                      "OCI"
                  ]
              },
              {
                  "cidr": "207.135.10.0/23",
                  "tags": [
                      "OCI"
                  ]
              },
              {
                  "cidr": "207.135.12.0/22",
                  "tags": [
                      "OCI"
                  ]
              },
              {
                  "cidr": "207.135.29.0/24",
                  "tags": [
                      "OCI"
                  ]
              },
              {
                  "cidr": "129.213.0.128/25",
                  "tags": [
                      "OSN"
                  ]
              },
              {
                  "cidr": "129.213.2.128/25",
                  "tags": [
                      "OSN"
                  ]
              },
              {
                  "cidr": "129.213.4.128/25",
                  "tags": [
                      "OSN"
                  ]
              },
              {
                  "cidr": "130.35.16.0/22",
                  "tags": [
                      "OSN"
                  ]
              },
              {
                  "cidr": "130.35.96.0/21",
                  "tags": [
                      "OSN"
                  ]
              },
              {
                  "cidr": "130.35.144.0/22",
                  "tags": [
                      "OSN"
                  ]
              },
              {
                  "cidr": "130.35.200.0/22",
                  "tags": [
                      "OSN"
                  ]
              },
              {
                  "cidr": "134.70.24.0/21",
                  "tags": [
                      "OSN",
                      "OBJECT_STORAGE"
                  ]
              },
              {
                  "cidr": "134.70.32.0/22",
                  "tags": [
                      "OSN",
                      "OBJECT_STORAGE"
                  ]
              },
              {
                  "cidr": "138.1.48.0/21",
                  "tags": [
                      "OSN"
                  ]
              },
              {
                  "cidr": "140.91.10.0/23",
                  "tags": [
                      "OSN"
                  ]
              },
              {
                  "cidr": "140.91.12.0/22",
                  "tags": [
                      "OSN"
                  ]
              },
              {
                  "cidr": "147.154.0.0/19",
                  "tags": [
                      "OSN"
                  ]
              },
              {
                  "cidr": "147.154.32.0/25",
                  "tags": [
                      "OSN"
                  ]
              }
          ]
      },
      {
          "region": "uk-cardiff-1",
          "cidrs": [
              {
                  "cidr": "129.151.64.0/19",
                  "tags": [
                      "OCI"
                  ]
              },
              {
                  "cidr": "129.149.16.0/23",
                  "tags": [
                      "OSN"
                  ]
              },
              {
                  "cidr": "129.149.20.0/23",
                  "tags": [
                      "OSN"
                  ]
              },
              {
                  "cidr": "129.149.22.0/25",
                  "tags": [
                      "OSN"
                  ]
              },
              {
                  "cidr": "134.70.136.0/22",
                  "tags": [
                      "OSN",
                      "OBJECT_STORAGE"
                  ]
              },
              {
                  "cidr": "140.91.60.0/23",
                  "tags": [
                      "OSN"
                  ]
              },
              {
                  "cidr": "140.204.70.128/25",
                  "tags": [
                      "OSN"
                  ]
              }
          ]
      },
      {
          "region": "sa-santiago-1",
          "cidrs": [
              {
                  "cidr": "129.151.96.0/19",
                  "tags": [
                      "OCI"
                  ]
              },
              {
                  "cidr": "129.148.152.0/23",
                  "tags": [
                      "OSN"
                  ]
              },
              {
                  "cidr": "129.149.32.0/23",
                  "tags": [
                      "OSN"
                  ]
              },
              {
                  "cidr": "129.149.38.0/23",
                  "tags": [
                      "OSN"
                  ]
              },
              {
                  "cidr": "134.70.152.0/22",
                  "tags": [
                      "OSN",
                      "OBJECT_STORAGE"
                  ]
              },
              {
                  "cidr": "140.91.66.0/23",
                  "tags": [
                      "OSN"
                  ]
              },
              {
                  "cidr": "140.204.86.128/25",
                  "tags": [
                      "OSN"
                  ]
              }
          ]
      },
      {
          "region": "ap-sydney-1",
          "cidrs": [
              {
                  "cidr": "129.154.64.0/19",
                  "tags": [
                      "OCI"
                  ]
              },
              {
                  "cidr": "129.154.96.0/20",
                  "tags": [
                      "OCI"
                  ]
              },
              {
                  "cidr": "129.154.113.0/24",
                  "tags": [
                      "OCI"
                  ]
              },
              {
                  "cidr": "129.154.114.0/23",
                  "tags": [
                      "OCI"
                  ]
              },
              {
                  "cidr": "129.154.116.0/22",
                  "tags": [
                      "OCI"
                  ]
              },
              {
                  "cidr": "129.154.120.0/21",
                  "tags": [
                      "OCI"
                  ]
              },
              {
                  "cidr": "129.154.168.0/22",
                  "tags": [
                      "OCI"
                  ]
              },
              {
                  "cidr": "140.238.192.0/20",
                  "tags": [
                      "OCI"
                  ]
              },
              {
                  "cidr": "152.67.96.0/19",
                  "tags": [
                      "OCI"
                  ]
              },
              {
                  "cidr": "168.138.96.0/20",
                  "tags": [
                      "OCI"
                  ]
              },
              {
                  "cidr": "134.70.92.0/22",
                  "tags": [
                      "OSN",
                      "OBJECT_STORAGE"
                  ]
              },
              {
                  "cidr": "140.91.38.0/23",
                  "tags": [
                      "OSN"
                  ]
              },
              {
                  "cidr": "140.204.20.128/25",
                  "tags": [
                      "OSN"
                  ]
              },
              {
                  "cidr": "192.29.144.0/23",
                  "tags": [
                      "OSN"
                  ]
              },
              {
                  "cidr": "192.29.148.0/23",
                  "tags": [
                      "OSN"
                  ]
              },
              {
                  "cidr": "192.29.151.0/24",
                  "tags": [
                      "OSN"
                  ]
              },
              {
                  "cidr": "192.29.152.0/22",
                  "tags": [
                      "OSN"
                  ]
              }
          ]
      },
      {
          "region": "eu-frankfurt-1",
          "cidrs": [
              {
                  "cidr": "129.159.0.0/20",
                  "tags": [
                      "OCI"
                  ]
              },
              {
                  "cidr": "129.159.24.0/21",
                  "tags": [
                      "OCI"
                  ]
              },
              {
                  "cidr": "129.159.192.0/19",
                  "tags": [
                      "OCI"
                  ]
              },
              {
                  "cidr": "130.61.8.0/21",
                  "tags": [
                      "OCI"
                  ]
              },
              {
                  "cidr": "130.61.16.0/20",
                  "tags": [
                      "OCI"
                  ]
              },
              {
                  "cidr": "130.61.32.0/19",
                  "tags": [
                      "OCI"
                  ]
              },
              {
                  "cidr": "130.61.64.0/18",
                  "tags": [
                      "OCI"
                  ]
              },
              {
                  "cidr": "130.61.128.0/17",
                  "tags": [
                      "OCI"
                  ]
              },
              {
                  "cidr": "132.145.224.0/19",
                  "tags": [
                      "OCI"
                  ]
              },
              {
                  "cidr": "158.101.160.0/19",
                  "tags": [
                      "OCI"
                  ]
              },
              {
                  "cidr": "193.122.0.0/20",
                  "tags": [
                      "OCI"
                  ]
              },
              {
                  "cidr": "193.122.32.0/19",
                  "tags": [
                      "OCI"
                  ]
              },
              {
                  "cidr": "193.227.135.0/24",
                  "tags": [
                      "OCI"
                  ]
              },
              {
                  "cidr": "207.135.8.0/23",
                  "tags": [
                      "OCI"
                  ]
              },
              {
                  "cidr": "130.61.0.128/25",
                  "tags": [
                      "OSN"
                  ]
              },
              {
                  "cidr": "130.61.2.128/25",
                  "tags": [
                      "OSN"
                  ]
              },
              {
                  "cidr": "130.61.4.128/25",
                  "tags": [
                      "OSN"
                  ]
              },
              {
                  "cidr": "134.70.40.0/21",
                  "tags": [
                      "OSN",
                      "OBJECT_STORAGE"
                  ]
              },
              {
                  "cidr": "134.70.48.0/22",
                  "tags": [
                      "OSN",
                      "OBJECT_STORAGE"
                  ]
              },
              {
                  "cidr": "138.1.0.0/22",
                  "tags": [
                      "OSN"
                  ]
              },
              {
                  "cidr": "138.1.40.0/21",
                  "tags": [
                      "OSN"
                  ]
              },
              {
                  "cidr": "138.1.64.0/22",
                  "tags": [
                      "OSN"
                  ]
              },
              {
                  "cidr": "138.1.108.0/25",
                  "tags": [
                      "OSN"
                  ]
              },
              {
                  "cidr": "140.91.16.0/22",
                  "tags": [
                      "OSN"
                  ]
              },
              {
                  "cidr": "140.91.20.0/23",
                  "tags": [
                      "OSN"
                  ]
              },
              {
                  "cidr": "147.154.128.0/19",
                  "tags": [
                      "OSN"
                  ]
              }
          ]
      },
      {
          "region": "ap-hyderabad-1",
          "cidrs": [
              {
                  "cidr": "129.159.16.0/21",
                  "tags": [
                      "OCI"
                  ]
              },
              {
                  "cidr": "129.159.224.0/20",
                  "tags": [
                      "OCI"
                  ]
              },
              {
                  "cidr": "152.67.160.0/19",
                  "tags": [
                      "OCI"
                  ]
              },
              {
                  "cidr": "207.135.18.0/23",
                  "tags": [
                      "OCI"
                  ]
              },
              {
                  "cidr": "129.148.128.0/23",
                  "tags": [
                      "OSN"
                  ]
              },
              {
                  "cidr": "129.148.132.0/23",
                  "tags": [
                      "OSN"
                  ]
              },
              {
                  "cidr": "129.148.134.0/24",
                  "tags": [
                      "OSN"
                  ]
              },
              {
                  "cidr": "129.148.135.0/25",
                  "tags": [
                      "OSN"
                  ]
              },
              {
                  "cidr": "134.70.120.0/22",
                  "tags": [
                      "OSN",
                      "OBJECT_STORAGE"
                  ]
              },
              {
                  "cidr": "140.91.52.0/23",
                  "tags": [
                      "OSN"
                  ]
              },
              {
                  "cidr": "140.204.50.128/25",
                  "tags": [
                      "OSN"
                  ]
              }
          ]
      },
      {
          "region": "us-sanjose-1",
          "cidrs": [
              {
                  "cidr": "129.159.32.0/20",
                  "tags": [
                      "OCI"
                  ]
              },
              {
                  "cidr": "152.67.224.0/19",
                  "tags": [
                      "OCI"
                  ]
              },
              {
                  "cidr": "129.148.160.0/23",
                  "tags": [
                      "OSN"
                  ]
              },
              {
                  "cidr": "129.148.164.0/25",
                  "tags": [
                      "OSN"
                  ]
              },
              {
                  "cidr": "129.148.166.0/23",
                  "tags": [
                      "OSN"
                  ]
              },
              {
                  "cidr": "134.70.124.0/22",
                  "tags": [
                      "OSN",
                      "OBJECT_STORAGE"
                  ]
              },
              {
                  "cidr": "140.91.54.0/23",
                  "tags": [
                      "OSN"
                  ]
              },
              {
                  "cidr": "140.204.58.128/25",
                  "tags": [
                      "OSN"
                  ]
              }
          ]
      },
      {
          "region": "eu-amsterdam-1",
          "cidrs": [
              {
                  "cidr": "130.162.64.0/19",
                  "tags": [
                      "OCI"
                  ]
              },
              {
                  "cidr": "130.162.96.0/20",
                  "tags": [
                      "OCI"
                  ]
              },
              {
                  "cidr": "130.162.112.0/22",
                  "tags": [
                      "OCI"
                  ]
              },
              {
                  "cidr": "130.162.116.0/23",
                  "tags": [
                      "OCI"
                  ]
              },
              {
                  "cidr": "140.86.3.0/24",
                  "tags": [
                      "OCI"
                  ]
              },
              {
                  "cidr": "140.86.4.0/22",
                  "tags": [
                      "OCI"
                  ]
              },
              {
                  "cidr": "140.86.8.0/22",
                  "tags": [
                      "OCI"
                  ]
              },
              {
                  "cidr": "140.86.12.0/24",
                  "tags": [
                      "OCI"
                  ]
              },
              {
                  "cidr": "140.86.14.0/24",
                  "tags": [
                      "OCI"
                  ]
              },
              {
                  "cidr": "140.86.29.0/24",
                  "tags": [
                      "OCI"
                  ]
              },
              {
                  "cidr": "140.86.38.0/23",
                  "tags": [
                      "OCI"
                  ]
              },
              {
                  "cidr": "140.86.40.0/22",
                  "tags": [
                      "OCI"
                  ]
              },
              {
                  "cidr": "140.86.48.0/21",
                  "tags": [
                      "OCI"
                  ]
              },
              {
                  "cidr": "140.86.56.0/24",
                  "tags": [
                      "OCI"
                  ]
              },
              {
                  "cidr": "140.86.60.0/22",
                  "tags": [
                      "OCI"
                  ]
              },
              {
                  "cidr": "140.86.64.0/20",
                  "tags": [
                      "OCI"
                  ]
              },
              {
                  "cidr": "140.86.96.0/23",
                  "tags": [
                      "OCI"
                  ]
              },
              {
                  "cidr": "140.86.98.0/24",
                  "tags": [
                      "OCI"
                  ]
              },
              {
                  "cidr": "140.86.156.0/23",
                  "tags": [
                      "OCI"
                  ]
              },
              {
                  "cidr": "140.204.84.0/23",
                  "tags": [
                      "OCI"
                  ]
              },
              {
                  "cidr": "158.101.192.0/19",
                  "tags": [
                      "OCI"
                  ]
              },
              {
                  "cidr": "168.138.120.0/22",
                  "tags": [
                      "OCI"
                  ]
              },
              {
                  "cidr": "193.122.16.0/20",
                  "tags": [
                      "OCI"
                  ]
              },
              {
                  "cidr": "193.123.32.0/19",
                  "tags": [
                      "OCI"
                  ]
              },
              {
                  "cidr": "62.115.179.220/31",
                  "tags": [
                      "OSN"
                  ]
              },
              {
                  "cidr": "62.115.179.228/31",
                  "tags": [
                      "OSN"
                  ]
              },
              {
                  "cidr": "134.70.104.0/22",
                  "tags": [
                      "OSN",
                      "OBJECT_STORAGE"
                  ]
              },
              {
                  "cidr": "140.91.44.0/23",
                  "tags": [
                      "OSN"
                  ]
              },
              {
                  "cidr": "140.204.36.128/25",
                  "tags": [
                      "OSN"
                  ]
              },
              {
                  "cidr": "140.204.38.128/25",
                  "tags": [
                      "OSN"
                  ]
              },
              {
                  "cidr": "140.204.40.128/25",
                  "tags": [
                      "OSN"
                  ]
              },
              {
                  "cidr": "192.29.192.0/22",
                  "tags": [
                      "OSN"
                  ]
              },
              {
                  "cidr": "192.29.200.0/25",
                  "tags": [
                      "OSN"
                  ]
              },
              {
                  "cidr": "192.29.201.0/24",
                  "tags": [
                      "OSN"
                  ]
              },
              {
                  "cidr": "213.19.198.156/31",
                  "tags": [
                      "OSN"
                  ]
              },
              {
                  "cidr": "213.19.198.164/31",
                  "tags": [
                      "OSN"
                  ]
              }
          ]
      },
      {
          "region": "ca-toronto-1",
          "cidrs": [
              {
                  "cidr": "132.145.96.0/20",
                  "tags": [
                      "OCI"
                  ]
              },
              {
                  "cidr": "140.238.128.0/19",
                  "tags": [
                      "OCI"
                  ]
              },
              {
                  "cidr": "134.70.72.0/22",
                  "tags": [
                      "OSN",
                      "OBJECT_STORAGE"
                  ]
              },
              {
                  "cidr": "140.91.28.0/23",
                  "tags": [
                      "OSN"
                  ]
              },
              {
                  "cidr": "140.204.0.128/25",
                  "tags": [
                      "OSN"
                  ]
              },
              {
                  "cidr": "192.29.8.0/21",
                  "tags": [
                      "OSN"
                  ]
              },
              {
                  "cidr": "192.29.64.0/21",
                  "tags": [
                      "OSN"
                  ]
              },
              {
                  "cidr": "192.29.72.0/25",
                  "tags": [
                      "OSN"
                  ]
              }
          ]
      },
      {
          "region": "ap-tokyo-1",
          "cidrs": [
              {
                  "cidr": "132.145.112.0/20",
                  "tags": [
                      "OCI"
                  ]
              },
              {
                  "cidr": "132.226.0.0/20",
                  "tags": [
                      "OCI"
                  ]
              },
              {
                  "cidr": "140.238.32.0/19",
                  "tags": [
                      "OCI"
                  ]
              },
              {
                  "cidr": "158.101.64.0/19",
                  "tags": [
                      "OCI"
                  ]
              },
              {
                  "cidr": "158.101.128.0/19",
                  "tags": [
                      "OCI"
                  ]
              },
              {
                  "cidr": "168.138.192.0/19",
                  "tags": [
                      "OCI"
                  ]
              },
              {
                  "cidr": "193.123.160.0/20",
                  "tags": [
                      "OCI"
                  ]
              },
              {
                  "cidr": "134.70.80.0/22",
                  "tags": [
                      "OSN",
                      "OBJECT_STORAGE"
                  ]
              },
              {
                  "cidr": "140.91.32.0/23",
                  "tags": [
                      "OSN"
                  ]
              },
              {
                  "cidr": "140.204.8.128/25",
                  "tags": [
                      "OSN"
                  ]
              },
              {
                  "cidr": "192.29.36.0/22",
                  "tags": [
                      "OSN"
                  ]
              },
              {
                  "cidr": "192.29.40.0/22",
                  "tags": [
                      "OSN"
                  ]
              },
              {
                  "cidr": "192.29.44.0/25",
                  "tags": [
                      "OSN"
                  ]
              }
          ]
      },
      {
          "region": "uk-london-1",
          "cidrs": [
              {
                  "cidr": "132.145.8.0/21",
                  "tags": [
                      "OCI"
                  ]
              },
              {
                  "cidr": "132.145.16.0/20",
                  "tags": [
                      "OCI"
                  ]
              },
              {
                  "cidr": "132.145.32.0/19",
                  "tags": [
                      "OCI"
                  ]
              },
              {
                  "cidr": "132.145.64.0/20",
                  "tags": [
                      "OCI"
                  ]
              },
              {
                  "cidr": "140.204.74.0/23",
                  "tags": [
                      "OCI"
                  ]
              },
              {
                  "cidr": "140.238.64.0/18",
                  "tags": [
                      "OCI"
                  ]
              },
              {
                  "cidr": "152.67.128.0/19",
                  "tags": [
                      "OCI"
                  ]
              },
              {
                  "cidr": "193.123.176.0/20",
                  "tags": [
                      "OCI"
                  ]
              },
              {
                  "cidr": "207.135.20.0/23",
                  "tags": [
                      "OCI"
                  ]
              },
              {
                  "cidr": "130.35.112.0/22",
                  "tags": [
                      "OSN"
                  ]
              },
              {
                  "cidr": "130.35.116.0/25",
                  "tags": [
                      "OSN"
                  ]
              },
              {
                  "cidr": "132.145.0.128/25",
                  "tags": [
                      "OSN"
                  ]
              },
              {
                  "cidr": "132.145.2.128/25",
                  "tags": [
                      "OSN"
                  ]
              },
              {
                  "cidr": "132.145.4.128/25",
                  "tags": [
                      "OSN"
                  ]
              },
              {
                  "cidr": "134.70.56.0/21",
                  "tags": [
                      "OSN",
                      "OBJECT_STORAGE"
                  ]
              },
              {
                  "cidr": "134.70.64.0/22",
                  "tags": [
                      "OSN",
                      "OBJECT_STORAGE"
                  ]
              },
              {
                  "cidr": "138.1.16.0/22",
                  "tags": [
                      "OSN"
                  ]
              },
              {
                  "cidr": "138.1.80.0/22",
                  "tags": [
                      "OSN"
                  ]
              },
              {
                  "cidr": "140.91.22.0/23",
                  "tags": [
                      "OSN"
                  ]
              },
              {
                  "cidr": "140.91.24.0/22",
                  "tags": [
                      "OSN"
                  ]
              },
              {
                  "cidr": "147.154.224.0/20",
                  "tags": [
                      "OSN"
                  ]
              }
          ]
      },
      {
          "region": "ap-seoul-1",
          "cidrs": [
              {
                  "cidr": "132.145.80.0/20",
                  "tags": [
                      "OCI"
                  ]
              },
              {
                  "cidr": "132.226.16.0/21",
                  "tags": [
                      "OCI"
                  ]
              },
              {
                  "cidr": "140.238.0.0/19",
                  "tags": [
                      "OCI"
                  ]
              },
              {
                  "cidr": "193.122.96.0/19",
                  "tags": [
                      "OCI"
                  ]
              },
              {
                  "cidr": "193.123.224.0/19",
                  "tags": [
                      "OCI"
                  ]
              },
              {
                  "cidr": "134.70.96.0/22",
                  "tags": [
                      "OSN",
                      "OBJECT_STORAGE"
                  ]
              },
              {
                  "cidr": "140.91.40.0/23",
                  "tags": [
                      "OSN"
                  ]
              },
              {
                  "cidr": "140.204.24.128/25",
                  "tags": [
                      "OSN"
                  ]
              },
              {
                  "cidr": "192.29.20.0/22",
                  "tags": [
                      "OSN"
                  ]
              },
              {
                  "cidr": "192.29.24.0/21",
                  "tags": [
                      "OSN"
                  ]
              }
          ]
      },
      {
          "region": "eu-zurich-1",
          "cidrs": [
              {
                  "cidr": "140.238.168.0/21",
                  "tags": [
                      "OCI"
                  ]
              },
              {
                  "cidr": "140.238.208.0/20",
                  "tags": [
                      "OCI"
                  ]
              },
              {
                  "cidr": "152.67.64.0/19",
                  "tags": [
                      "OCI"
                  ]
              },
              {
                  "cidr": "134.70.88.0/22",
                  "tags": [
                      "OSN",
                      "OBJECT_STORAGE"
                  ]
              },
              {
                  "cidr": "140.91.36.0/23",
                  "tags": [
                      "OSN"
                  ]
              },
              {
                  "cidr": "140.204.16.128/25",
                  "tags": [
                      "OSN"
                  ]
              },
              {
                  "cidr": "192.29.56.0/23",
                  "tags": [
                      "OSN"
                  ]
              },
              {
                  "cidr": "192.29.60.0/23",
                  "tags": [
                      "OSN"
                  ]
              },
              {
                  "cidr": "192.29.178.0/25",
                  "tags": [
                      "OSN"
                  ]
              },
              {
                  "cidr": "192.29.180.0/22",
                  "tags": [
                      "OSN"
                  ]
              }
          ]
      },
      {
          "region": "ap-chuncheon-1",
          "cidrs": [
              {
                  "cidr": "152.67.192.0/19",
                  "tags": [
                      "OCI"
                  ]
              },
              {
                  "cidr": "129.148.144.0/23",
                  "tags": [
                      "OSN"
                  ]
              },
              {
                  "cidr": "129.148.148.0/25",
                  "tags": [
                      "OSN"
                  ]
              },
              {
                  "cidr": "129.148.150.0/23",
                  "tags": [
                      "OSN"
                  ]
              },
              {
                  "cidr": "134.70.132.0/22",
                  "tags": [
                      "OSN",
                      "OBJECT_STORAGE"
                  ]
              },
              {
                  "cidr": "140.91.58.0/23",
                  "tags": [
                      "OSN"
                  ]
              },
              {
                  "cidr": "140.204.52.128/25",
                  "tags": [
                      "OSN"
                  ]
              }
          ]
      },
      {
          "region": "me-jeddah-1",
          "cidrs": [
              {
                  "cidr": "158.101.224.0/19",
                  "tags": [
                      "OCI"
                  ]
              },
              {
                  "cidr": "193.122.64.0/19",
                  "tags": [
                      "OCI"
                  ]
              },
              {
                  "cidr": "207.135.30.0/23",
                  "tags": [
                      "OCI"
                  ]
              },
              {
                  "cidr": "134.70.100.0/22",
                  "tags": [
                      "OSN",
                      "OBJECT_STORAGE"
                  ]
              },
              {
                  "cidr": "140.91.42.0/23",
                  "tags": [
                      "OSN"
                  ]
              },
              {
                  "cidr": "140.204.34.128/25",
                  "tags": [
                      "OSN"
                  ]
              },
              {
                  "cidr": "192.29.112.0/20",
                  "tags": [
                      "OSN"
                  ]
              },
              {
                  "cidr": "192.29.224.0/22",
                  "tags": [
                      "OSN"
                  ]
              },
              {
                  "cidr": "192.29.232.0/25",
                  "tags": [
                      "OSN"
                  ]
              }
          ]
      },
      {
          "region": "ap-melbourne-1",
          "cidrs": [
              {
                  "cidr": "168.138.0.0/19",
                  "tags": [
                      "OCI"
                  ]
              },
              {
                  "cidr": "134.70.108.0/22",
                  "tags": [
                      "OSN",
                      "OBJECT_STORAGE"
                  ]
              },
              {
                  "cidr": "140.91.46.0/23",
                  "tags": [
                      "OSN"
                  ]
              },
              {
                  "cidr": "140.204.42.128/25",
                  "tags": [
                      "OSN"
                  ]
              },
              {
                  "cidr": "192.29.208.0/22",
                  "tags": [
                      "OSN"
                  ]
              },
              {
                  "cidr": "192.29.216.0/25",
                  "tags": [
                      "OSN"
                  ]
              },
              {
                  "cidr": "192.29.220.0/22",
                  "tags": [
                      "OSN"
                  ]
              }
          ]
      },
      {
          "region": "ap-osaka-1",
          "cidrs": [
              {
                  "cidr": "168.138.32.0/19",
                  "tags": [
                      "OCI"
                  ]
              },
              {
                  "cidr": "134.70.112.0/22",
                  "tags": [
                      "OSN",
                      "OBJECT_STORAGE"
                  ]
              },
              {
                  "cidr": "140.91.48.0/23",
                  "tags": [
                      "OSN"
                  ]
              },
              {
                  "cidr": "140.204.30.128/25",
                  "tags": [
                      "OSN"
                  ]
              },
              {
                  "cidr": "192.29.240.0/22",
                  "tags": [
                      "OSN"
                  ]
              },
              {
                  "cidr": "192.29.248.0/25",
                  "tags": [
                      "OSN"
                  ]
              }
          ]
      },
      {
          "region": "ca-montreal-1",
          "cidrs": [
              {
                  "cidr": "168.138.64.0/19",
                  "tags": [
                      "OCI"
                  ]
              },
              {
                  "cidr": "38.104.155.92/31",
                  "tags": [
                      "OSN"
                  ]
              },
              {
                  "cidr": "134.70.116.0/22",
                  "tags": [
                      "OSN",
                      "OBJECT_STORAGE"
                  ]
              },
              {
                  "cidr": "140.91.50.0/23",
                  "tags": [
                      "OSN"
                  ]
              },
              {
                  "cidr": "140.204.46.128/25",
                  "tags": [
                      "OSN"
                  ]
              },
              {
                  "cidr": "192.29.80.0/22",
                  "tags": [
                      "OSN"
                  ]
              },
              {
                  "cidr": "192.29.88.0/25",
                  "tags": [
                      "OSN"
                  ]
              }
          ]
      },
      {
          "region": "me-dubai-1",
          "cidrs": [
              {
                  "cidr": "193.123.64.0/19",
                  "tags": [
                      "OCI"
                  ]
              },
              {
                  "cidr": "129.148.208.0/22",
                  "tags": [
                      "OSN"
                  ]
              },
              {
                  "cidr": "129.148.212.0/23",
                  "tags": [
                      "OSN"
                  ]
              },
              {
                  "cidr": "129.148.214.0/24",
                  "tags": [
                      "OSN"
                  ]
              },
              {
                  "cidr": "129.148.215.0/25",
                  "tags": [
                      "OSN"
                  ]
              },
              {
                  "cidr": "134.70.148.0/22",
                  "tags": [
                      "OSN",
                      "OBJECT_STORAGE"
                  ]
              },
              {
                  "cidr": "140.204.66.128/25",
                  "tags": [
                      "OSN"
                  ]
              }
          ]
      }
  ]
}